id,product_area,claim_as_printed_in_catalogue,catalogue_location,source_checked,status,recommended_final_wording,notes
1,StreetBond,"Bonds at the molecular level. Will not peel.","Product spec subhead (~p17), catalog_content.py line 149",https://hubss.com/products/streetbond,LIABILITY-SOFTEN + UNSUPPORTED,"Flexible acrylic engineered to resist peeling, cracking, and fading.","'Molecular' bonding is NOT on hubss.com — drop it. 'Will not peel' matches the website's 'will not peel or crack' but is an absolute liability claim; recommend softening in BOTH catalogue and website."
2,StreetBond,"BC Ministry of Transportation recognized.","Product body (~p17), catalog_content.py line 152; also appears in CITIES list line 521",https://hubss.com/products/streetbond,UNVERIFIED-NEEDS-SOURCE,"Specified by Canadian municipalities and transportation authorities coast to coast.","hubss.com does NOT claim BC MoTI recognition (says 'Canadian municipalities and DOT authorities'). Could not confirm StreetBond on a BC MoTI Recognized Products list. KEEP ONLY if Doug supplies the listing/approval document; otherwise use the site wording. 'BC Ministry of Transport' in the cities list shares this dependency."
3,DuraTherm,"Inlaid into a milled groove — flush with the road; zero profile for plow blades.","Product spec (~p27), catalog_content.py lines 205-216",https://hubss.com/products/duratherm,VERIFIED,"Keep as written.","Brief §5 worried hubss.com said 'stamped templates' — STALE. The live site now says 'Inlaid flush-mount thermoplastic ... milled groove — flush with surface.' Catalogue matches and is correctly distinct from StreetPrint (stamped asphalt)."
4,StreetBondSR,"Initial Solar Reflectance >= 0.33 — meets LEED v4 SS Credit: Heat Island Reduction.","Product spec (~p25), catalog_content.py lines 193-204",https://hubss.com/products/streetbondsr,VERIFIED,"Keep as written.","Site states 'Initial Solar Reflectance >= 0.33 (meets LEED threshold)' and 'LEED v4 SS Credit: Heat Island Reduction.' Exact match. LEED/SR claim is correctly attached to StreetBondSR (not misattributed)."
5,MMAX,"Methyl methacrylate. 45-60 min cure. Applies at +3°C and rising.","Product spec (~p23), catalog_content.py lines 181-192",https://hubss.com/products/mmax,VERIFIED,"Keep as written.","Site confirms '45-60 minutes (traffic-ready)', 'Methyl Methacrylate (MMA) resin', '+3°C and rising'. All match."
6,MMAX,"Bond strength above 3 MPa.","York VIVA BRT story (~p58) and Bike Lanes application (~p?), catalog_content.py lines 270 & 335",https://hubss.com/products/mmax,UNVERIFIED-NEEDS-SOURCE,"Bond strength above acrylic and epoxy alternatives.","hubss.com gives NO MPa figure — only 'bond strength above acrylic and epoxy alternatives.' The specific '3 MPa' needs the MMA manufacturer data sheet. Soften unless data sheet confirms."
7,AirMark,"Non-runway airfield surfaces (taxiways, aprons, helipads).","Product spec (~p33), catalog_content.py lines 247-259",https://hubss.com/products/airmark,VERIFIED,"Keep as written.","Site: 'non-runway airfield markings ... taxiways, aprons, helipads.' Exact match. Brief §5 said keep this scoping — confirmed accurate."
8,AirMark,"4x service life vs painted alternatives / outlasts paint by four to one.","Product callout + body (~p33), catalog_content.py lines 254-256",https://hubss.com/products/airmark,UNVERIFIED-NEEDS-SOURCE,"Outlasts painted alternatives — no annual repaint cycle.","Site says 'significantly outlasts painted alternatives' with NO 4x multiplier. Remove the '4x' figure unless a data sheet supports it; the qualitative claim is safe."
9,Company stat,"30+ Years","Why HUB stats (~p5) and Hub Numbers (~p7), catalog_content.py line 94",https://hubss.com/about,VERIFIED,"Keep.","Site: '30+ Years in Business.'"
10,Company stat,"1,000+ Projects","Why HUB stats (~p5), catalog_content.py line 95",https://hubss.com/about,VERIFIED,"Keep.","Site: '1,000+ Projects Completed.'"
11,Company stat,"500+ Municipalities / 500+ Canadian municipalities that specify HUB systems by name","Why HUB stats (~p5) and Cities page hero '500+' (~p104), catalog_content.py line 96 & final_catalog.py page_cities",https://hubss.com/about,UNVERIFIED-NEEDS-SOURCE,"1,000+ projects across all 10 provinces — specified by municipalities coast to coast.","hubss.com does NOT state 500+ municipalities (says 1,000+ projects, 10 provinces, 3 territories). The 500+ municipality count is unsubstantiated publicly. Source it from Doug/CRM, or reframe to a verified figure. This is a prominent 60pt hero number on the Cities page — high visibility, verify before print."
12,Company stat,"20yr colour retention on stamped asphalt","Why HUB stats (~p5), catalog_content.py line 97",https://hubss.com/about,VERIFIED,"Keep.","Site: 'StreetPrint and StreetBond installations are engineered for 20-year colour retention.'"
13,Durability claim,"Thermoplastic and MMA last 6 to 8 times longer than paint / Outlasts paint by eight times / Eight times the service life of paint","Why HUB proof 02 (~p6) and York Region Pedestrian Safety (~p67-68), catalog_content.py lines 102-103, 369-370",https://hubss.com/about,REFRAME-INFERENCE,"6 to 8 years of high-visibility service life — where paint needs annual reapplication.","Site supports '6-8 YEARS service life' + 'no annual repainting' but does NOT state a '6-8x / 8x longer than paint' MULTIPLIER. The multiplier is a defensible inference (paint ~1yr) but is not a sourced figure. Reframe to the sourced 'years' form, or keep the multiplier only with an explicit 'vs annual repaint' basis."
14,StreetPrint,"12+ standard patterns (brick, cobblestone, slate, herringbone, fan, custom)","Product spec (~p19), catalog_content.py lines 156-167",hubss.com/products/streetprint (NOT yet fetched),UNVERIFIED-NEEDS-SOURCE,"Keep pending quick confirm.","Low risk. Confirm the '12+' pattern count against the StreetPrint page / pattern catalog in a follow-up fetch."
15,DuraShield,"Two-component epoxy-modified acrylic. Solar Reflectance 0.34. Chemical-resistant. Low VOC.","Product spec (~p29), catalog_content.py lines 217-228",hubss.com/products/durashield (NOT yet fetched),UNVERIFIED-NEEDS-SOURCE,"Keep pending data-sheet confirm.","Reference table p103 labels DuraShield 'Coating / two-component asphalt maintenance' (Doug's correction, per code comment) — internally consistent. Verify the SR 0.34 figure against the DuraShield data sheet."
16,Project stat,"BRT corridor open in 90 minutes / Open to full bus traffic in 90 minutes","York Region VIVA BRT (~p57-58), catalog_content.py lines 334-335",Project-specific (no public source),UNVERIFIED-NEEDS-SOURCE,"Confirm with Doug / project record.","Plausible given MMAX 45-60 min cure, but '90 minutes' is a specific operational claim — confirm against the project record before print."
17,Project stat,"40% more foot traffic to the district (first season)","White Rock Seaside Stroll (~p95-96), catalog_content.py line 474",Project-specific (no public source),UNVERIFIED-NEEDS-SOURCE,"Source the figure or remove.","High-specificity public-outcome stat needs a citable source (White Rock BIA / press). Remove if unsourceable — exactly the kind of number a public-works reader will challenge."
18,Project claim,"Twelve corridors / one of the largest single-contract MMA deployments in Canada","Toronto Priority Bus Lanes (~p59-60), catalog_content.py lines 343-344",Project-specific (no public source),UNVERIFIED-NEEDS-SOURCE,"Confirm corridor count + 'largest deployment' with Doug.","'One of the largest' is a superlative — confirm it is defensible."
19,Reference table,"Spec grid values (TPXD 150mil, TP 125mil, StreetBond Acrylic, StreetPrint Stamped, DuraTherm Inlaid, DuraShield Coating, PreMark Pre-cut, MMAX MMA, AirMark Airfield, etc.)","Product Reference table (~p103), final_catalog.py lines 686-698",Internal cross-check vs product pages,VERIFIED-INTERNAL,"Keep.","p103 table is kept in sync with CC.PRODUCTS in code; comments confirm Doug's corrections (DuraShield 'Coating' not 'penetrating'; TP corrected to 125 mil). Internally consistent. Still cross-check each against the manufacturer data sheets in Stage B."
