page_v50,section,subject,role,status,source_path
01,Front,Cover,full-bleed,MISSING-FILE,assets/booklet/UBC Crosswalk 1.png
11,Opener/DPS,products,full-bleed,AUTHENTIC-BLOG,public/images/blog/imprinted-asphalt-york-transit/featured.jpg
36,Opener/DPS,applications,full-bleed,APP-GALLERY,public/images/applications/crosswalks/crosswalks-06.jpg
56,Opener/DPS,projects,full-bleed,AUTHENTIC-BLOG,public/images/blog/multimodal-connectivity-york-region/featured.jpg
~95,Opener/DPS,network,full-bleed,APP-GALLERY,public/images/applications/bus-lanes/bus-lanes-03.jpg
~102,Opener/DPS,reference,full-bleed,APP-GALLERY,public/images/applications/bike-lanes/bike-lanes-09.jpg
34,Opener/DPS,editorial_products,full-bleed,AUTHENTIC-BLOG,public/images/blog/decorative-crosswalk-commercial-drive/featured.jpg
35,Opener/DPS,editorial_products_r,full-bleed,APP-GALLERY,public/images/applications/community-branding/community-branding-03.jpg
75,Opener/DPS,editorial_projects,full-bleed,APP-GALLERY,public/images/applications/community-branding/community-branding-10.jpg
~108,Opener/DPS,editorial_closing,full-bleed,AUTHENTIC-BLOG,public/images/blog/spirit-trail-wayfinding-vancouver/featured.jpg
09,Opener/DPS,dps_a_left,full-bleed,AUTHENTIC-BLOG,public/images/blog/richmond-brighouse-crosswalk/featured.jpeg
10,Opener/DPS,dps_a_right,full-bleed,AUTHENTIC-BLOG,public/images/blog/branded-crosswalks-vancouver-richmond/featured.jpg
54,Opener/DPS,dps_b_left,full-bleed,APP-GALLERY,public/images/applications/community-branding/community-branding-05.jpg
55,Opener/DPS,dps_b_right,full-bleed,APP-GALLERY,public/images/applications/community-branding/community-branding-12.jpg
~100,Opener/DPS,dps_c_left,full-bleed,AUTHENTIC-BLOG,public/images/blog/parc-riviera-streetbond-walkway/featured.jpg
~101,Opener/DPS,dps_c_right,full-bleed,APP-GALLERY,public/images/applications/community-branding/community-branding-13.jpg
12,Product,TrafficPatternsXD,hero,PRODUCT-GALLERY,public/images/products/traffic-patterns-xd/traffic-patterns-xd-05.jpg
14,Product,TrafficPatterns,hero,PRODUCT-GALLERY,public/images/products/traffic-patterns/traffic-patterns-05.jpg
16,Product,StreetBond,hero,PRODUCT-GALLERY,public/images/products/streetbond/streetbond-112.jpg
18,Product,StreetPrint,hero,PRODUCT-GALLERY,public/images/products/streetprint/streetprint-40.jpg
20,Product,DecoMark,hero,PRODUCT-GALLERY,public/images/products/decomark/decomark-43.jpg
22,Product,MMAX,hero,PRODUCT-GALLERY,public/images/products/mmax/mmax-05.jpg
24,Product,StreetBondSR,hero,PRODUCT-GALLERY,public/images/products/streetbondsr/streetbondsr-02.jpg
26,Product,DuraTherm,hero,PRODUCT-GALLERY,public/images/products/duratherm/duratherm-01.jpg
28,Product,DuraShield,hero,PRODUCT-GALLERY,public/images/products/durashield/durashield-04.jpg
30,Product,PreMark,hero,PRODUCT-GALLERY,public/images/products/premark/premark-01.jpg
32,Product,AirMark,hero,PRODUCT-GALLERY,public/images/products/airmark/airmark-04.jpg
37,Application,Crosswalks,feature,APP-GALLERY,public/images/applications/crosswalks/crosswalks-03.jpg
38,Application,Bike Lanes,feature,APP-GALLERY,public/images/applications/bike-lanes/bike-lanes-14.jpg
39,Application,Bus Lanes,feature,APP-GALLERY,public/images/applications/bus-lanes/bus-lanes-20.jpg
40,Application,Parking Lots,feature,APP-GALLERY,public/images/applications/parking-lots/parking-lots-01.jpg
41,Application,Parks & Paths,feature,APP-GALLERY,public/images/applications/parks-paths/parks-paths-04.jpg
42,Application,Playgrounds,feature,APP-GALLERY,public/images/applications/playgrounds/playgrounds-01.jpg
43,Application,Community Branding,feature,APP-GALLERY,public/images/applications/community-branding/community-branding-03.jpg
44,Application,Private Driveways,feature,APP-GALLERY,public/images/applications/residential-driveways/residential-driveways-01.jpg
45,Application,Sport Courts,feature,APP-GALLERY,public/images/applications/sport-courts/sport-courts-01.jpg
46,Application,Splash Pads,feature,APP-GALLERY,public/images/applications/splash-pads/splash-pads-01.jpg
47,Application,Public Spaces,feature,APP-GALLERY,public/images/applications/public-spaces/public-spaces-08.jpg
48,Application,Commercial Spaces,feature,APP-GALLERY,public/images/applications/commercial-spaces/commercial-spaces-01.jpg
49,Application,Townhomes,feature,APP-GALLERY,public/images/applications/townhomes/townhomes-01.jpg
50,Application,Pedestrian Safety,feature,APP-GALLERY,public/images/applications/crosswalks/crosswalks-18.jpg
51,Application,Traffic Calming,feature,APP-GALLERY,public/images/applications/traffic-calming/traffic-calming-01.jpg
52,Application,LEED & Heat Island,feature,APP-GALLERY,public/images/applications/leed-urban-heat-island/leed-urban-heat-island-01.jpg
53,Application,Public Art,feature,APP-GALLERY,public/images/applications/community-branding/community-branding-11.jpg
57,Project,York Region VIVA BRT,hero,PRODUCT-GALLERY,public/images/products/mmax/mmax-16.jpg
58,Project,York Region VIVA BRT,detail/story,PRODUCT-GALLERY,public/images/products/mmax/mmax-15.jpg
59,Project,Toronto Priority Bus Lanes,hero,PRODUCT-GALLERY,public/images/products/mmax/mmax-04.jpg
60,Project,Toronto Priority Bus Lanes,detail/story,PRODUCT-GALLERY,public/images/products/mmax/mmax-07.jpg
61,Project,London East Link BRT,hero,APP-GALLERY,public/images/applications/bus-lanes/bus-lanes-03.jpg
62,Project,London East Link BRT,detail/story,APP-GALLERY,public/images/applications/bus-lanes/bus-lanes-38.png
63,Project,BC Children's Hospital,hero,AUTHENTIC-BLOG,public/images/blog/bc-childrens-hospital-labyrinth/featured.jpg
64,Project,BC Children's Hospital,detail/story,PRODUCT-GALLERY,public/images/products/decomark/decomark-43.jpg
65,Project,New Westminster Complete Streets,hero,AUTHENTIC-BLOG,public/images/blog/complete-streets-new-westminster/featured.jpg
66,Project,New Westminster Complete Streets,detail/story,APP-GALLERY,public/images/applications/bike-lanes/bike-lanes-32.png
67,Project,York Region Pedestrian Safety,hero,AUTHENTIC-BLOG,public/images/blog/trafficpatternsxd-urban-design/featured.jpg
68,Project,York Region Pedestrian Safety,detail/story,APP-GALLERY,public/images/applications/crosswalks/crosswalks-26.jpg
69,Project,Vision Zero Crosswalks,hero,AUTHENTIC-BLOG,public/images/blog/pedestrian-safety-solutions/featured.jpeg
70,Project,Vision Zero Crosswalks,detail/story,APP-GALLERY,public/images/applications/crosswalks/crosswalks-31.jpg
71,Project,Vancouver BIA Crosswalks,hero,AUTHENTIC-BLOG,public/images/blog/vancouver-decorative-crosswalk-design/featured.jpeg
72,Project,Vancouver BIA Crosswalks,detail/story,PRODUCT-GALLERY,public/images/products/streetprint/streetprint-69.jpg
73,Project,UBC Musqueam Crosswalk,hero,AUTHENTIC-BLOG,public/images/blog/ubc-musqueam-crosswalk/featured.jpg
74,Project,UBC Musqueam Crosswalk,detail/story,PRODUCT-GALLERY,public/images/products/streetprint/streetprint-77.jpg
77,Project,More Awesome Now,hero,AUTHENTIC-BLOG,public/images/blog/laneway-project/featured.png
78,Project,More Awesome Now,detail/story,APP-GALLERY,public/images/applications/community-branding/community-branding-04.jpg
79,Project,White Rock Pier,hero,AUTHENTIC-BLOG,public/images/blog/white-rock-pier-crosswalk/featured.png
80,Project,White Rock Pier,detail/story,PRODUCT-GALLERY,public/images/products/traffic-patterns-xd/traffic-patterns-xd-140.jpg
81,Project,Indigenous Recognition,hero,MISSING-FILE,assets/booklet/native crosswalk 1.png
82,Project,Indigenous Recognition,detail/story,PRODUCT-GALLERY,public/images/products/decomark/decomark-77.jpg
83,Project,Kitchener Veterans Memorial,hero,AUTHENTIC-BLOG,public/images/blog/veterans-crosswalk-kitchener/featured.jpeg
84,Project,Kitchener Veterans Memorial,detail/story,AUTHENTIC-BLOG,public/images/blog/veterans-crosswalk-kitchener/featured.jpeg
85,Project,Every Child Matters,hero,AUTHENTIC-BLOG,public/images/blog/every-child-matters-crosswalk/featured.png
86,Project,Every Child Matters,detail/story,PRODUCT-GALLERY,public/images/products/traffic-patterns/traffic-patterns-36.jpg
87,Project,Sechelt Pictograph Crosswalk,hero,AUTHENTIC-BLOG,public/images/blog/tsain-ko-crosswalk-sechelt/featured.jpg
88,Project,Sechelt Pictograph Crosswalk,detail/story,PRODUCT-GALLERY,public/images/products/decomark/decomark-69.jpg
89,Project,Simcoe Rainbow Crosswalk,hero,AUTHENTIC-BLOG,public/images/blog/simcoe-rainbow-crosswalk/featured.jpg
90,Project,Simcoe Rainbow Crosswalk,detail/story,PRODUCT-GALLERY,public/images/products/traffic-patterns-xd/traffic-patterns-xd-129.jpg
91,Project,Bowen Island Path,hero,AUTHENTIC-BLOG,public/images/blog/bowen-island-asphalt-path/featured.jpg
92,Project,Bowen Island Path,detail/story,PRODUCT-GALLERY,public/images/products/streetbond/streetbond-92.jpg
93,Project,Murrayville Schoolhouse,hero,PRODUCT-GALLERY,public/images/products/streetprint/streetprint-04.jpg
94,Project,Murrayville Schoolhouse,detail/story,PRODUCT-GALLERY,public/images/products/streetprint/streetprint-83.jpg
95,Project,White Rock Seaside Stroll,hero,AUTHENTIC-BLOG,public/images/blog/white-rock-langley-trafficpatterns/featured.jpg
96,Project,White Rock Seaside Stroll,detail/story,AUTHENTIC-BLOG,public/images/blog/white-rock-langley-trafficpatterns/featured.jpg
97,Project,Langley Railroad Heritage,hero,AUTHENTIC-BLOG,public/images/blog/langley-railroad-heritage/featured.jpg
98,Project,Langley Railroad Heritage,detail/story,AUTHENTIC-BLOG,public/images/blog/langley-railroad-heritage/detail.jpg
~96,Installer,Square One Paving,photo,MISSING-FILE,assets/booklet/DecoMark community park 1.png
~97,Installer,Thermo Design,photo,MISSING-FILE,assets/booklet/Intergrated Rumble Bars (TrafficPatterns) 1.png
~98,Installer,Virtue Construction,photo,MISSING-FILE,assets/booklet/Intersection installation TPXD 1.png
~99,Installer,ULS Landscaping,photo,MISSING-FILE,assets/booklet/StreetPrint walkway 1.png
